{"training duration": 75.22614174196497, "accuracy": 75.22614174196497}