{"training duration": 161.50910507299977, "accuracy": 161.50910507299977}