{"training duration": 123.76649910397828, "accuracy": 123.76649910397828}