{"training duration": 104.71976930400024, "accuracy": 104.71976930400024}