{"training duration": 104.45892000799995, "accuracy": 104.45892000799995}