{"training duration": 61.06643502996303, "accuracy": 61.06643502996303}