{"training duration": 163.12933486200018, "accuracy": 163.12933486200018}