{"training duration": 97.79662000387907, "accuracy": 97.79662000387907}