{"training duration": 88.28372220695019, "accuracy": 88.28372220695019}