{"training duration": 243.23693191300026, "accuracy": 243.23693191300026}