{"training duration": 164.4873499939995, "accuracy": 164.4873499939995}