{"training duration": 149.96226087608375, "accuracy": 149.96226087608375}