{"training duration": 94.95487420000063, "accuracy": 94.95487420000063}