{"training duration": 52.34360135695897, "accuracy": 52.34360135695897}