{"training duration": 69.63189870491624, "accuracy": 69.63189870491624}