{"training duration": 152.89153790599994, "accuracy": 152.89153790599994}