{"training duration": 67.1912708801683, "accuracy": 67.1912708801683}