{"training duration": 52.999119734042324, "accuracy": 52.999119734042324}