{"training duration": 100.47185532999993, "accuracy": 100.47185532999993}