{"training duration": 162.279154801, "accuracy": 162.279154801}