{"training duration": 169.60827246099961, "accuracy": 169.60827246099961}