{"training duration": 78.3548297509551, "accuracy": 78.3548297509551}