{"training duration": 105.73097800399955, "accuracy": 105.73097800399955}