{"training duration": 56.908565153949894, "accuracy": 56.908565153949894}